Epoch,Train Loss,Valid Loss
0,0.4335841016623672,0.42227754621632446
1,0.4142839406439229,0.41348700553609585
2,0.4057421310410031,0.41670661068608583
3,0.398753515120284,0.40924201791579307
4,0.39152276735558156,0.41396645312803315
5,0.3836737256500266,0.41138669235009007
